date,point,lat,lon,u_ms,v_ms,speed_ms,speed_kn,direction,temp_c,salinity
2026-02-07,浜田沖,34.923889,132.013278,0.2701,0.1559,0.3119,0.6062,60.0,14.35,34.466
2026-02-08,浜田沖,34.923889,132.013278,0.2295,0.1363,0.2669,0.5189,59.3,14.13,34.463
2026-02-09,浜田沖,34.923889,132.013278,0.2692,0.1921,0.3307,0.6429,54.5,14.12,34.467
2026-02-10,浜田沖,34.923889,132.013278,0.2278,0.1479,0.2715,0.5279,57.0,14.03,34.467
2026-02-11,浜田沖,34.923889,132.013278,0.1966,0.0271,0.1985,0.3858,82.2,14.04,34.467
2026-02-12,浜田沖,34.923889,132.013278,0.253,0.1067,0.2746,0.5338,67.1,14.05,34.474
2026-02-13,浜田沖,34.923889,132.013278,0.3085,0.1679,0.3512,0.6828,61.4,14.16,34.49
2026-02-14,浜田沖,34.923889,132.013278,0.2433,0.0917,0.26,0.5054,69.4,14.36,34.494
2026-02-15,浜田沖,34.923889,132.013278,0.1618,0.0578,0.1718,0.334,70.3,14.65,34.493
2026-02-16,浜田沖,34.923889,132.013278,0.0442,0.0363,0.0572,0.1112,50.6,14.36,34.52
2026-02-17,浜田沖,34.923889,132.013278,0.1339,0.0851,0.1587,0.3084,57.6,14.18,34.519
2026-02-18,浜田沖,34.923889,132.013278,0.1625,0.1227,0.2037,0.3959,53.0,14.03,34.532
2026-02-19,浜田沖,34.923889,132.013278,0.2164,0.1259,0.2504,0.4867,59.8,14.14,34.523
2026-02-20,浜田沖,34.923889,132.013278,0.2787,0.1484,0.3158,0.6138,62.0,14.26,34.525
2026-02-21,浜田沖,34.923889,132.013278,0.284,0.1547,0.3235,0.6288,61.4,14.36,34.516
2026-02-22,浜田沖,34.923889,132.013278,0.2903,0.1956,0.35,0.6805,56.0,14.31,34.506
2026-02-23,浜田沖,34.923889,132.013278,0.2048,0.0994,0.2277,0.4426,64.1,14.31,34.496
2026-02-24,浜田沖,34.923889,132.013278,0.1319,0.0967,0.1635,0.3179,53.7,14.29,34.479
2026-02-25,浜田沖,34.923889,132.013278,0.002,-0.0324,0.0325,0.0632,176.4,14.28,34.469
2026-02-26,浜田沖,34.923889,132.013278,0.0527,0.0133,0.0543,0.1056,75.9,14.32,34.46
2026-02-27,浜田沖,34.923889,132.013278,0.0586,0.0283,0.0651,0.1265,64.2,14.28,34.413
2026-02-28,浜田沖,34.923889,132.013278,0.0273,0.0154,0.0313,0.0608,60.6,14.22,34.446
2026-03-01,浜田沖,34.923889,132.013278,0.0134,-0.0116,0.0178,0.0345,130.9,14.21,34.445
2026-03-02,浜田沖,34.923889,132.013278,-0.0183,-0.0311,0.0361,0.0702,210.4,14.2,34.436
2026-03-03,浜田沖,34.923889,132.013278,-0.0291,-0.0895,0.0941,0.1829,198.0,14.18,34.429
2026-03-04,浜田沖,34.923889,132.013278,0.0307,-0.0181,0.0357,0.0693,120.5,14.12,34.427
2026-03-05,浜田沖,34.923889,132.013278,0.0509,0.0609,0.0793,0.1542,39.9,14.06,34.417
2026-03-06,浜田沖,34.923889,132.013278,0.1834,0.1022,0.21,0.4082,60.9,13.91,34.39
2026-03-07,浜田沖,34.923889,132.013278,0.1548,0.0623,0.1668,0.3243,68.1,13.88,34.404
2026-03-08,浜田沖,34.923889,132.013278,0.1428,0.0756,0.1615,0.314,62.1,13.97,34.4
2026-03-09,浜田沖,34.923889,132.013278,0.1582,0.0658,0.1713,0.3331,67.4,13.95,34.399
2026-03-10,浜田沖,34.923889,132.013278,0.1268,0.0865,0.1535,0.2984,55.7,13.91,34.4
2026-03-11,浜田沖,34.923889,132.013278,0.1275,0.0749,0.1478,0.2874,59.6,14.0,34.402
2026-03-12,浜田沖,34.923889,132.013278,0.0372,0.0184,0.0416,0.0808,63.7,13.92,34.412
2026-03-13,浜田沖,34.923889,132.013278,-0.0743,-0.1204,0.1414,0.275,211.7,13.89,34.41
2026-03-14,浜田沖,34.923889,132.013278,-0.0604,-0.0995,0.1164,0.2262,211.3,13.88,34.405
2026-03-15,浜田沖,34.923889,132.013278,-0.0494,-0.0415,0.0645,0.1254,230.0,13.9,34.394
2026-03-16,浜田沖,34.923889,132.013278,-0.0252,0.0329,0.0415,0.0806,322.5,13.85,34.392
2026-03-17,浜田沖,34.923889,132.013278,0.0692,0.1094,0.1294,0.2516,32.3,13.8,34.387
2026-03-18,浜田沖,34.923889,132.013278,0.2065,0.0896,0.2251,0.4376,66.5,13.76,34.318
2026-03-19,浜田沖,34.923889,132.013278,0.1131,0.1298,0.1722,0.3347,41.1,13.87,34.377
2026-03-20,浜田沖,34.923889,132.013278,0.1825,0.0847,0.2012,0.3911,65.1,14.14,34.431
2026-03-21,浜田沖,34.923889,132.013278,0.1629,0.1069,0.1948,0.3788,56.7,14.37,34.436
2026-03-22,浜田沖,34.923889,132.013278,0.1285,0.12,0.1758,0.3418,46.9,14.26,34.4
2026-03-23,浜田沖,34.923889,132.013278,0.0995,0.0924,0.1358,0.2641,47.1,14.47,34.433
2026-03-24,浜田沖,34.923889,132.013278,0.1233,0.1256,0.176,0.3421,44.5,14.24,34.433
2026-03-25,浜田沖,34.923889,132.013278,0.0389,0.0785,0.0876,0.1702,26.4,14.14,34.411
2026-03-26,浜田沖,34.923889,132.013278,0.081,0.104,0.1318,0.2563,37.9,14.27,34.431
2026-03-27,浜田沖,34.923889,132.013278,0.1763,0.12,0.2132,0.4145,55.8,14.63,34.408
2026-03-28,浜田沖,34.923889,132.013278,0.1426,0.1121,0.1813,0.3525,51.8,14.51,34.455
2026-03-29,浜田沖,34.923889,132.013278,0.1494,0.1761,0.2309,0.4489,40.3,14.57,34.433
2026-03-30,浜田沖,34.923889,132.013278,0.1447,0.1751,0.2272,0.4416,39.6,14.79,34.249
2026-03-31,浜田沖,34.923889,132.013278,0.1679,0.098,0.1944,0.3779,59.7,14.74,34.436
2026-04-01,浜田沖,34.923889,132.013278,0.1312,0.1471,0.1971,0.3832,41.7,14.62,34.424
2026-04-02,浜田沖,34.923889,132.013278,0.233,0.1547,0.2797,0.5438,56.4,14.72,34.432
2026-04-03,浜田沖,34.923889,132.013278,0.2315,0.1863,0.2971,0.5776,51.2,15.26,34.405
2026-04-04,浜田沖,34.923889,132.013278,0.3129,0.212,0.3779,0.7347,55.9,15.15,34.413
2026-04-05,浜田沖,34.923889,132.013278,0.3007,0.1661,0.3435,0.6678,61.1,15.3,34.459
2026-04-06,浜田沖,34.923889,132.013278,0.2667,0.1187,0.292,0.5676,66.0,15.43,34.453
2026-04-07,浜田沖,34.923889,132.013278,0.1054,0.0885,0.1376,0.2675,50.0,15.32,34.462
2026-04-08,浜田沖,34.923889,132.013278,0.184,0.1607,0.2443,0.4749,48.9,15.53,34.456
2026-04-09,浜田沖,34.923889,132.013278,0.3193,0.2528,0.4073,0.7918,51.6,15.48,34.478
2026-04-10,浜田沖,34.923889,132.013278,0.3407,0.1552,0.3744,0.7278,65.5,15.75,34.482
2026-04-11,浜田沖,34.923889,132.013278,0.2479,0.1083,0.2705,0.5258,66.4,16.04,34.489
2026-04-12,浜田沖,34.923889,132.013278,0.1878,0.1642,0.2495,0.485,48.8,16.27,34.474
2026-04-13,浜田沖,34.923889,132.013278,0.1693,0.1522,0.2277,0.4426,48.1,16.46,34.443
2026-04-14,浜田沖,34.923889,132.013278,0.1235,0.156,0.1989,0.3867,38.4,16.64,34.366
2026-04-15,浜田沖,34.923889,132.013278,0.0295,0.1076,0.1116,0.2169,15.3,16.61,34.316
2026-04-16,浜田沖,34.923889,132.013278,0.0362,0.0951,0.1018,0.1979,20.8,16.4,34.456
2026-04-17,浜田沖,34.923889,132.013278,0.1557,0.1058,0.1883,0.366,55.8,16.61,34.377
2026-04-18,浜田沖,34.923889,132.013278,0.1116,0.1291,0.1706,0.3317,40.9,17.03,34.331
2026-04-19,浜田沖,34.923889,132.013278,0.1604,0.1392,0.2124,0.4129,49.1,17.12,34.313
2026-04-20,浜田沖,34.923889,132.013278,0.2102,0.0493,0.2159,0.4197,76.8,17.37,34.371
2026-04-21,浜田沖,34.923889,132.013278,0.1523,0.1464,0.2112,0.4106,46.1,17.26,34.404
2026-04-22,浜田沖,34.923889,132.013278,0.1639,0.1881,0.2495,0.485,41.1,17.0,34.341
2026-04-23,浜田沖,34.923889,132.013278,-0.0048,0.1347,0.1348,0.262,358.0,16.74,34.344
2026-04-24,浜田沖,34.923889,132.013278,-0.0196,0.0578,0.061,0.1186,341.3,16.44,34.382
2026-04-25,浜田沖,34.923889,132.013278,0.0853,0.0929,0.1261,0.2451,42.6,16.56,34.386
2026-04-26,浜田沖,34.923889,132.013278,0.1626,0.1309,0.2087,0.4057,51.2,16.68,34.176
2026-04-27,浜田沖,34.923889,132.013278,0.2235,0.1277,0.2574,0.5004,60.3,16.98,34.301
2026-04-28,浜田沖,34.923889,132.013278,0.2503,0.1406,0.2871,0.5581,60.7,17.04,34.368
2026-04-29,浜田沖,34.923889,132.013278,0.1724,0.1779,0.2477,0.4815,44.1,16.92,34.345
2026-04-30,浜田沖,34.923889,132.013278,0.17,0.1803,0.2478,0.4818,43.3,16.86,34.247
2026-05-01,浜田沖,34.923889,132.013278,0.2728,0.1496,0.3111,0.6048,61.3,16.84,34.319
2026-05-02,浜田沖,34.923889,132.013278,0.2284,0.1397,0.2677,0.5205,58.6,17.04,34.323
2026-05-03,浜田沖,34.923889,132.013278,0.3491,0.2038,0.4042,0.7858,59.7,17.07,34.261
2026-05-04,浜田沖,34.923889,132.013278,0.26,0.1792,0.3157,0.6137,55.4,16.99,34.31
2026-05-05,浜田沖,34.923889,132.013278,0.2238,0.1567,0.2732,0.531,55.0,17.6,34.273
2026-05-06,浜田沖,34.923889,132.013278,0.2044,0.1469,0.2518,0.4894,54.3,17.84,34.27
2026-05-07,浜田沖,34.923889,132.013278,0.2397,0.1215,0.2687,0.5224,63.1,18.05,34.289
2026-05-08,浜田沖,34.923889,132.013278,0.1654,0.0811,0.1843,0.3582,63.9,17.63,34.325
2026-05-09,浜田沖,34.923889,132.013278,0.1481,0.1243,0.1934,0.376,50.0,18.01,34.323
2026-05-10,浜田沖,34.923889,132.013278,0.1562,0.1402,0.2099,0.408,48.1,18.34,34.332
2026-05-11,浜田沖,34.923889,132.013278,0.1785,0.1426,0.2285,0.4441,51.4,18.72,34.372
2026-05-12,浜田沖,34.923889,132.013278,0.1542,0.1718,0.2309,0.4488,41.9,18.99,34.395
2026-05-13,浜田沖,34.923889,132.013278,0.1671,0.1304,0.212,0.4121,52.0,19.32,34.405
2026-05-14,浜田沖,34.923889,132.013278,0.0749,0.1254,0.146,0.2839,30.9,19.23,34.454
2026-05-15,浜田沖,34.923889,132.013278,0.1263,0.1459,0.193,0.3751,40.9,19.29,34.445
2026-05-16,浜田沖,34.923889,132.013278,0.1488,0.1398,0.2042,0.3969,46.8,20.06,34.381
2026-05-17,浜田沖,34.923889,132.013278,0.1527,0.1407,0.2076,0.4037,47.3,20.36,34.364
2026-05-18,浜田沖,34.923889,132.013278,0.1733,0.1613,0.2368,0.4603,47.1,20.65,34.335
2026-05-19,浜田沖,34.923889,132.013278,0.1559,0.1459,0.2135,0.415,46.9,20.84,34.299
2026-02-07,見島沖,34.951972,131.077111,0.1191,0.0004,0.1191,0.2315,89.8,15.37,34.479
2026-02-08,見島沖,34.951972,131.077111,0.0232,-0.0623,0.0665,0.1293,159.6,15.14,34.485
2026-02-09,見島沖,34.951972,131.077111,0.1465,0.1121,0.1844,0.3585,52.6,14.95,34.497
2026-02-10,見島沖,34.951972,131.077111,0.1621,0.0839,0.1826,0.3549,62.6,14.98,34.496
2026-02-11,見島沖,34.951972,131.077111,0.0953,0.0317,0.1004,0.1953,71.6,14.98,34.503
2026-02-12,見島沖,34.951972,131.077111,0.1396,0.0806,0.1612,0.3134,60.0,14.93,34.513
2026-02-13,見島沖,34.951972,131.077111,0.2076,0.1109,0.2353,0.4575,61.9,14.98,34.505
2026-02-14,見島沖,34.951972,131.077111,0.2071,0.1248,0.2418,0.4701,58.9,15.34,34.489
2026-02-15,見島沖,34.951972,131.077111,0.0797,0.0501,0.0941,0.1829,57.9,15.43,34.496
2026-02-16,見島沖,34.951972,131.077111,-0.0688,0.105,0.1256,0.2441,326.8,15.11,34.501
2026-02-17,見島沖,34.951972,131.077111,0.1018,0.1396,0.1728,0.3359,36.1,14.81,34.499
2026-02-18,見島沖,34.951972,131.077111,0.0651,0.0464,0.08,0.1554,54.6,14.67,34.492
2026-02-19,見島沖,34.951972,131.077111,0.1952,0.0929,0.2162,0.4203,64.6,14.92,34.482
2026-02-20,見島沖,34.951972,131.077111,0.1754,0.0749,0.1907,0.3708,66.9,15.06,34.465
2026-02-21,見島沖,34.951972,131.077111,0.2169,0.1679,0.2743,0.5332,52.3,15.0,34.432
2026-02-22,見島沖,34.951972,131.077111,0.2474,0.0969,0.2657,0.5165,68.6,15.22,34.385
2026-02-23,見島沖,34.951972,131.077111,0.1257,0.0603,0.1394,0.2711,64.4,15.31,34.384
2026-02-24,見島沖,34.951972,131.077111,0.0105,0.0438,0.0451,0.0876,13.4,15.39,34.38
2026-02-25,見島沖,34.951972,131.077111,-0.1057,0.0595,0.1213,0.2358,299.4,15.14,34.384
2026-02-26,見島沖,34.951972,131.077111,0.0077,0.0875,0.0879,0.1708,5.0,15.07,34.391
2026-02-27,見島沖,34.951972,131.077111,-0.0205,0.0264,0.0334,0.0649,322.2,15.09,34.398
2026-02-28,見島沖,34.951972,131.077111,-0.0529,0.053,0.0748,0.1455,315.1,14.99,34.413
2026-03-01,見島沖,34.951972,131.077111,-0.0277,0.0732,0.0783,0.1522,339.3,14.91,34.417
2026-03-02,見島沖,34.951972,131.077111,-0.1294,0.0324,0.1334,0.2593,284.1,14.79,34.409
2026-03-03,見島沖,34.951972,131.077111,-0.0523,0.0257,0.0583,0.1133,296.2,14.64,34.393
2026-03-04,見島沖,34.951972,131.077111,0.0741,-0.019,0.0765,0.1486,104.4,14.69,34.404
2026-03-05,見島沖,34.951972,131.077111,0.0522,0.013,0.0538,0.1045,76.0,14.89,34.421
2026-03-06,見島沖,34.951972,131.077111,0.0802,-0.04,0.0896,0.1742,116.5,14.98,34.425
2026-03-07,見島沖,34.951972,131.077111,-0.0066,-0.013,0.0146,0.0285,207.0,14.87,34.436
2026-03-08,見島沖,34.951972,131.077111,0.0225,0.0885,0.0913,0.1776,14.3,14.74,34.438
2026-03-09,見島沖,34.951972,131.077111,0.0166,0.0135,0.0215,0.0417,50.9,14.61,34.445
2026-03-10,見島沖,34.951972,131.077111,0.0527,0.0897,0.104,0.2022,30.4,14.53,34.458
2026-03-11,見島沖,34.951972,131.077111,0.077,0.0702,0.1042,0.2026,47.6,14.68,34.488
2026-03-12,見島沖,34.951972,131.077111,-0.0619,0.0277,0.0678,0.1318,294.1,14.7,34.499
2026-03-13,見島沖,34.951972,131.077111,-0.114,0.0317,0.1183,0.23,285.6,14.48,34.483
2026-03-14,見島沖,34.951972,131.077111,0.043,0.0742,0.0858,0.1667,30.1,14.43,34.484
2026-03-15,見島沖,34.951972,131.077111,0.0882,0.0365,0.0954,0.1855,67.5,14.76,34.521
2026-03-16,見島沖,34.951972,131.077111,0.0408,0.0551,0.0686,0.1333,36.5,14.89,34.539
2026-03-17,見島沖,34.951972,131.077111,0.0136,0.1125,0.1133,0.2203,6.9,14.85,34.538
2026-03-18,見島沖,34.951972,131.077111,0.1213,0.1175,0.1689,0.3283,45.9,14.61,34.515
2026-03-19,見島沖,34.951972,131.077111,0.0453,0.1082,0.1173,0.228,22.7,14.56,34.522
2026-03-20,見島沖,34.951972,131.077111,0.0883,0.0823,0.1207,0.2346,47.0,14.6,34.536
2026-03-21,見島沖,34.951972,131.077111,0.1049,0.1498,0.1828,0.3554,35.0,14.76,34.546
2026-03-22,見島沖,34.951972,131.077111,0.0914,0.1294,0.1584,0.308,35.2,14.59,34.536
2026-03-23,見島沖,34.951972,131.077111,0.0161,0.0578,0.06,0.1166,15.6,14.61,34.538
2026-03-24,見島沖,34.951972,131.077111,0.0633,0.0708,0.095,0.1846,41.8,14.68,34.531
2026-03-25,見島沖,34.951972,131.077111,-0.0389,-0.0066,0.0395,0.0768,260.4,14.75,34.52
2026-03-26,見島沖,34.951972,131.077111,0.0231,0.0569,0.0614,0.1193,22.1,14.97,34.53
2026-03-27,見島沖,34.951972,131.077111,0.1538,0.0363,0.158,0.3072,76.7,15.26,34.532
2026-03-28,見島沖,34.951972,131.077111,0.0149,0.0279,0.0317,0.0615,28.2,15.33,34.53
2026-03-29,見島沖,34.951972,131.077111,0.0638,0.0815,0.1035,0.2012,38.1,15.48,34.52
2026-03-30,見島沖,34.951972,131.077111,0.0983,0.1224,0.157,0.3052,38.8,15.67,34.451
2026-03-31,見島沖,34.951972,131.077111,0.045,-0.0301,0.0541,0.1052,123.8,15.55,34.417
2026-04-01,見島沖,34.951972,131.077111,0.0535,0.038,0.0656,0.1275,54.6,15.5,34.409
2026-04-02,見島沖,34.951972,131.077111,0.0954,0.0224,0.098,0.1905,76.8,15.65,34.412
2026-04-03,見島沖,34.951972,131.077111,0.1421,0.14,0.1995,0.3878,45.4,15.87,34.426
2026-04-04,見島沖,34.951972,131.077111,0.1784,0.1209,0.2155,0.4189,55.9,15.86,34.443
2026-04-05,見島沖,34.951972,131.077111,0.2125,0.0899,0.2307,0.4485,67.1,16.02,34.463
2026-04-06,見島沖,34.951972,131.077111,0.1508,0.027,0.1532,0.2978,79.9,16.08,34.466
2026-04-07,見島沖,34.951972,131.077111,0.0148,0.057,0.0589,0.1145,14.6,16.06,34.489
2026-04-08,見島沖,34.951972,131.077111,0.1835,0.1136,0.2158,0.4196,58.3,16.27,34.503
2026-04-09,見島沖,34.951972,131.077111,0.2714,0.2147,0.3461,0.6728,51.7,16.32,34.495
2026-04-10,見島沖,34.951972,131.077111,0.1977,0.0414,0.202,0.3928,78.2,16.49,34.507
2026-04-11,見島沖,34.951972,131.077111,0.1379,0.0542,0.1482,0.288,68.5,16.59,34.506
2026-04-12,見島沖,34.951972,131.077111,0.0962,0.1136,0.1489,0.2895,40.3,16.82,34.508
2026-04-13,見島沖,34.951972,131.077111,0.0463,0.0959,0.1065,0.207,25.8,17.18,34.51
2026-04-14,見島沖,34.951972,131.077111,0.0087,0.1124,0.1127,0.2191,4.4,17.16,34.472
2026-04-15,見島沖,34.951972,131.077111,-0.0599,0.0578,0.0832,0.1617,314.0,17.0,34.414
2026-04-16,見島沖,34.951972,131.077111,-0.0146,0.0991,0.1002,0.1947,351.6,16.74,34.447
2026-04-17,見島沖,34.951972,131.077111,0.2069,0.1408,0.2503,0.4865,55.8,16.66,34.354
2026-04-18,見島沖,34.951972,131.077111,0.0442,0.0828,0.0939,0.1825,28.1,17.22,34.271
2026-04-19,見島沖,34.951972,131.077111,0.067,0.118,0.1357,0.2638,29.6,17.45,34.281
2026-04-20,見島沖,34.951972,131.077111,0.1616,-0.0089,0.1618,0.3145,93.1,17.34,34.287
2026-04-21,見島沖,34.951972,131.077111,0.0492,0.0815,0.0952,0.185,31.1,17.26,34.302
2026-04-22,見島沖,34.951972,131.077111,0.0388,0.0782,0.0873,0.1698,26.4,17.18,34.254
2026-04-23,見島沖,34.951972,131.077111,-0.1041,0.0936,0.14,0.2722,312.0,16.86,34.278
2026-04-24,見島沖,34.951972,131.077111,-0.0312,0.0848,0.0903,0.1756,339.8,16.74,34.323
2026-04-25,見島沖,34.951972,131.077111,0.1087,0.0879,0.1398,0.2718,51.0,16.95,34.349
2026-04-26,見島沖,34.951972,131.077111,0.1239,0.0708,0.1427,0.2774,60.3,17.15,34.356
2026-04-27,見島沖,34.951972,131.077111,0.1529,0.0636,0.1656,0.3219,67.4,17.39,34.338
2026-04-28,見島沖,34.951972,131.077111,0.1182,0.0131,0.119,0.2312,83.7,17.09,34.282
2026-04-29,見島沖,34.951972,131.077111,0.05,0.098,0.11,0.2139,27.0,17.04,34.303
2026-04-30,見島沖,34.951972,131.077111,0.0751,0.066,0.1,0.1944,48.7,17.09,34.263
2026-05-01,見島沖,34.951972,131.077111,0.1462,-0.0119,0.1466,0.2851,94.7,17.13,34.264
2026-05-02,見島沖,34.951972,131.077111,0.1784,0.0639,0.1894,0.3683,70.3,17.35,34.257
2026-05-03,見島沖,34.951972,131.077111,0.2511,0.1046,0.272,0.5288,67.4,17.31,34.256
2026-05-04,見島沖,34.951972,131.077111,0.0798,0.0454,0.0918,0.1784,60.4,17.36,34.34
2026-05-05,見島沖,34.951972,131.077111,0.1676,0.1071,0.1989,0.3866,57.4,17.8,34.424
2026-05-06,見島沖,34.951972,131.077111,0.1676,0.1075,0.1992,0.3872,57.3,18.31,34.524
2026-05-07,見島沖,34.951972,131.077111,0.2388,0.0874,0.2543,0.4944,69.9,18.59,34.569
2026-05-08,見島沖,34.951972,131.077111,0.0823,0.0342,0.0891,0.1732,67.4,18.23,34.548
2026-05-09,見島沖,34.951972,131.077111,0.1356,0.108,0.1734,0.337,51.5,18.54,34.523
2026-05-10,見島沖,34.951972,131.077111,0.1711,0.12,0.209,0.4063,55.0,18.92,34.483
2026-05-11,見島沖,34.951972,131.077111,0.1862,0.1238,0.2236,0.4347,56.4,18.89,34.43
2026-05-12,見島沖,34.951972,131.077111,0.1617,0.0989,0.1895,0.3684,58.6,18.93,34.34
2026-05-13,見島沖,34.951972,131.077111,0.1383,0.0906,0.1653,0.3213,56.8,19.41,34.195
2026-05-14,見島沖,34.951972,131.077111,-0.0222,0.1014,0.1038,0.2019,347.7,19.09,34.148
2026-05-15,見島沖,34.951972,131.077111,0.1016,0.1113,0.1507,0.293,42.4,18.98,33.977
2026-05-16,見島沖,34.951972,131.077111,0.1306,0.076,0.1511,0.2938,59.8,19.79,33.66
2026-05-17,見島沖,34.951972,131.077111,0.177,0.104,0.2053,0.3991,59.6,20.34,33.683
2026-05-18,見島沖,34.951972,131.077111,0.1767,0.1623,0.2399,0.4665,47.4,20.62,33.956
2026-05-19,見島沖,34.951972,131.077111,0.1682,0.1254,0.2098,0.4079,53.3,20.96,34.098
2026-02-07,高島沖,34.845861,131.820278,0.2739,0.1111,0.2956,0.5747,67.9,14.58,34.471
2026-02-08,高島沖,34.845861,131.820278,0.2483,0.0651,0.2567,0.4991,75.3,14.44,34.469
2026-02-09,高島沖,34.845861,131.820278,0.2601,0.1406,0.2957,0.5748,61.6,14.33,34.474
2026-02-10,高島沖,34.845861,131.820278,0.2331,0.11,0.2577,0.5011,64.7,14.25,34.476
2026-02-11,高島沖,34.845861,131.820278,0.1849,0.0413,0.1894,0.3682,77.4,14.24,34.478
2026-02-12,高島沖,34.845861,131.820278,0.26,0.0877,0.2744,0.5335,71.4,14.34,34.488
2026-02-13,高島沖,34.845861,131.820278,0.3022,0.1375,0.332,0.6454,65.5,14.44,34.509
2026-02-14,高島沖,34.845861,131.820278,0.2468,0.0877,0.2619,0.5092,70.4,14.56,34.521
2026-02-15,高島沖,34.845861,131.820278,0.1628,0.0568,0.1724,0.3352,70.8,14.57,34.522
2026-02-16,高島沖,34.845861,131.820278,0.0488,0.0473,0.068,0.1321,45.9,14.31,34.53
2026-02-17,高島沖,34.845861,131.820278,0.1601,0.0965,0.187,0.3634,58.9,14.19,34.533
2026-02-18,高島沖,34.845861,131.820278,0.1848,0.0579,0.1937,0.3765,72.6,14.28,34.528
2026-02-19,高島沖,34.845861,131.820278,0.2111,0.0968,0.2322,0.4515,65.4,14.46,34.524
2026-02-20,高島沖,34.845861,131.820278,0.267,0.1232,0.294,0.5716,65.2,14.5,34.517
2026-02-21,高島沖,34.845861,131.820278,0.2739,0.1444,0.3097,0.602,62.2,14.45,34.508
2026-02-22,高島沖,34.845861,131.820278,0.3013,0.1312,0.3286,0.6388,66.5,14.42,34.498
2026-02-23,高島沖,34.845861,131.820278,0.2102,0.0768,0.2238,0.4351,69.9,14.45,34.492
2026-02-24,高島沖,34.845861,131.820278,0.1284,0.0637,0.1433,0.2786,63.6,14.45,34.466
2026-02-25,高島沖,34.845861,131.820278,-0.0567,-0.0372,0.0678,0.1319,236.7,14.38,34.458
2026-02-26,高島沖,34.845861,131.820278,0.0127,0.0313,0.0338,0.0657,22.1,14.34,34.459
2026-02-27,高島沖,34.845861,131.820278,0.0805,0.0146,0.0818,0.1591,79.7,14.32,34.426
2026-02-28,高島沖,34.845861,131.820278,0.027,0.0025,0.0271,0.0528,84.6,14.31,34.441
2026-03-01,高島沖,34.845861,131.820278,-0.0058,0.0073,0.0093,0.018,321.6,14.27,34.441
2026-03-02,高島沖,34.845861,131.820278,-0.0378,-0.0036,0.038,0.0739,264.6,14.19,34.433
2026-03-03,高島沖,34.845861,131.820278,-0.08,-0.0629,0.1018,0.1979,231.8,14.13,34.426
2026-03-04,高島沖,34.845861,131.820278,0.0161,0.0176,0.0239,0.0464,42.5,14.02,34.426
2026-03-05,高島沖,34.845861,131.820278,0.0842,0.0629,0.1051,0.2042,53.2,13.96,34.421
2026-03-06,高島沖,34.845861,131.820278,0.2041,0.0283,0.2061,0.4006,82.1,14.05,34.391
2026-03-07,高島沖,34.845861,131.820278,0.1471,0.0014,0.1471,0.286,89.4,14.14,34.408
2026-03-08,高島沖,34.845861,131.820278,0.1443,0.0622,0.1571,0.3054,66.7,14.15,34.41
2026-03-09,高島沖,34.845861,131.820278,0.1685,0.0306,0.1713,0.333,79.7,14.16,34.412
2026-03-10,高島沖,34.845861,131.820278,0.1344,0.0688,0.151,0.2934,62.9,14.11,34.417
2026-03-11,高島沖,34.845861,131.820278,0.1492,0.0644,0.1625,0.3159,66.7,14.11,34.42
2026-03-12,高島沖,34.845861,131.820278,0.0359,0.013,0.0382,0.0743,70.1,13.98,34.423
2026-03-13,高島沖,34.845861,131.820278,-0.129,-0.1017,0.1643,0.3194,231.7,13.9,34.422
2026-03-14,高島沖,34.845861,131.820278,-0.1407,-0.0686,0.1566,0.3044,244.0,13.9,34.42
2026-03-15,高島沖,34.845861,131.820278,-0.0731,0.0117,0.074,0.1438,279.1,13.87,34.417
2026-03-16,高島沖,34.845861,131.820278,0.0273,0.0433,0.0512,0.0995,32.3,13.79,34.419
2026-03-17,高島沖,34.845861,131.820278,0.1105,0.0674,0.1294,0.2516,58.6,13.79,34.428
2026-03-18,高島沖,34.845861,131.820278,0.23,0.0508,0.2355,0.4579,77.5,13.91,34.393
2026-03-19,高島沖,34.845861,131.820278,0.1306,0.0678,0.1471,0.286,62.6,14.17,34.431
2026-03-20,高島沖,34.845861,131.820278,0.188,0.0478,0.194,0.3771,75.7,14.34,34.461
2026-03-21,高島沖,34.845861,131.820278,0.1693,0.0902,0.1919,0.373,61.9,14.44,34.474
2026-03-22,高島沖,34.845861,131.820278,0.1707,0.0994,0.1975,0.3839,59.8,14.36,34.465
2026-03-23,高島沖,34.845861,131.820278,0.1054,0.049,0.1162,0.226,65.1,14.49,34.485
2026-03-24,高島沖,34.845861,131.820278,0.1342,0.0851,0.1589,0.3089,57.6,14.32,34.482
2026-03-25,高島沖,34.845861,131.820278,0.0312,0.0517,0.0604,0.1174,31.2,14.23,34.459
2026-03-26,高島沖,34.845861,131.820278,0.0986,0.0794,0.1266,0.2461,51.1,14.31,34.476
2026-03-27,高島沖,34.845861,131.820278,0.1924,0.075,0.2065,0.4015,68.7,14.55,34.474
2026-03-28,高島沖,34.845861,131.820278,0.1797,0.0651,0.1911,0.3716,70.1,14.53,34.484
2026-03-29,高島沖,34.845861,131.820278,0.1827,0.1028,0.2096,0.4074,60.6,14.66,34.492
2026-03-30,高島沖,34.845861,131.820278,0.173,0.1202,0.2107,0.4095,55.2,14.89,34.362
2026-03-31,高島沖,34.845861,131.820278,0.1734,0.0443,0.1789,0.3479,75.7,14.77,34.469
2026-04-01,高島沖,34.845861,131.820278,0.1481,0.082,0.1693,0.329,61.0,14.7,34.46
2026-04-02,高島沖,34.845861,131.820278,0.2476,0.0778,0.2595,0.5045,72.5,14.93,34.458
2026-04-03,高島沖,34.845861,131.820278,0.2595,0.1307,0.2906,0.5649,63.3,15.35,34.459
2026-04-04,高島沖,34.845861,131.820278,0.3117,0.1384,0.341,0.663,66.1,15.26,34.454
2026-04-05,高島沖,34.845861,131.820278,0.308,0.1128,0.328,0.6377,69.9,15.38,34.474
2026-04-06,高島沖,34.845861,131.820278,0.2811,0.0814,0.2927,0.5689,73.8,15.52,34.471
2026-04-07,高島沖,34.845861,131.820278,0.1083,0.0598,0.1237,0.2405,61.1,15.41,34.485
2026-04-08,高島沖,34.845861,131.820278,0.2045,0.1125,0.2334,0.4537,61.2,15.68,34.505
2026-04-09,高島沖,34.845861,131.820278,0.338,0.2191,0.4028,0.783,57.1,15.68,34.503
2026-04-10,高島沖,34.845861,131.820278,0.342,0.0681,0.3487,0.6779,78.7,15.95,34.491
2026-04-11,高島沖,34.845861,131.820278,0.2545,0.0665,0.263,0.5113,75.3,16.1,34.494
2026-04-12,高島沖,34.845861,131.820278,0.1951,0.131,0.235,0.4568,56.1,16.31,34.487
2026-04-13,高島沖,34.845861,131.820278,0.196,0.0978,0.2191,0.4259,63.5,16.61,34.477
2026-04-14,高島沖,34.845861,131.820278,0.1447,0.0926,0.1718,0.334,57.4,16.9,34.412
2026-04-15,高島沖,34.845861,131.820278,0.0119,0.0424,0.0441,0.0857,15.6,16.75,34.378
2026-04-16,高島沖,34.845861,131.820278,0.027,0.0719,0.0768,0.1494,20.5,16.47,34.475
2026-04-17,高島沖,34.845861,131.820278,0.1976,0.1003,0.2216,0.4308,63.1,16.62,34.43
2026-04-18,高島沖,34.845861,131.820278,0.0994,0.0858,0.1313,0.2552,49.2,17.1,34.376
2026-04-19,高島沖,34.845861,131.820278,0.1658,0.0779,0.1832,0.3561,64.8,17.2,34.379
2026-04-20,高島沖,34.845861,131.820278,0.2464,-0.0282,0.2481,0.4822,96.5,17.3,34.409
2026-04-21,高島沖,34.845861,131.820278,0.1582,0.0892,0.1816,0.3531,60.6,17.17,34.418
2026-04-22,高島沖,34.845861,131.820278,0.168,0.1019,0.1965,0.382,58.8,16.99,34.359
2026-04-23,高島沖,34.845861,131.820278,-0.0386,0.0678,0.078,0.1516,330.3,16.59,34.357
2026-04-24,高島沖,34.845861,131.820278,-0.0459,0.028,0.0537,0.1045,301.4,16.29,34.399
2026-04-25,高島沖,34.845861,131.820278,0.1085,0.0672,0.1276,0.2481,58.2,16.56,34.398
2026-04-26,高島沖,34.845861,131.820278,0.1815,0.0934,0.2041,0.3968,62.8,16.71,34.237
2026-04-27,高島沖,34.845861,131.820278,0.2576,0.063,0.2652,0.5156,76.3,17.11,34.352
2026-04-28,高島沖,34.845861,131.820278,0.275,0.0422,0.2782,0.5408,81.3,17.07,34.367
2026-04-29,高島沖,34.845861,131.820278,0.1709,0.0927,0.1944,0.3779,61.5,16.94,34.354
2026-04-30,高島沖,34.845861,131.820278,0.1811,0.1062,0.2099,0.4081,59.6,16.9,34.264
2026-05-01,高島沖,34.845861,131.820278,0.2678,0.0765,0.2785,0.5414,74.1,16.86,34.34
2026-05-02,高島沖,34.845861,131.820278,0.2506,0.0808,0.2633,0.5118,72.1,17.05,34.348
2026-05-03,高島沖,34.845861,131.820278,0.367,0.1467,0.3952,0.7683,68.2,17.07,34.282
2026-05-04,高島沖,34.845861,131.820278,0.2715,0.1206,0.2971,0.5775,66.0,17.01,34.312
2026-05-05,高島沖,34.845861,131.820278,0.2432,0.1217,0.2719,0.5286,63.4,17.51,34.306
2026-05-06,高島沖,34.845861,131.820278,0.226,0.1092,0.251,0.4879,64.2,17.7,34.32
2026-05-07,高島沖,34.845861,131.820278,0.2698,0.0529,0.2749,0.5345,78.9,18.01,34.328
2026-05-08,高島沖,34.845861,131.820278,0.1744,0.0166,0.1752,0.3405,84.5,17.75,34.352
2026-05-09,高島沖,34.845861,131.820278,0.1651,0.0691,0.179,0.3479,67.3,18.07,34.387
2026-05-10,高島沖,34.845861,131.820278,0.1756,0.0857,0.1954,0.3798,64.0,18.44,34.427
2026-05-11,高島沖,34.845861,131.820278,0.2042,0.0923,0.2241,0.4357,65.7,18.74,34.454
2026-05-12,高島沖,34.845861,131.820278,0.2006,0.0896,0.2197,0.4271,65.9,18.92,34.457
2026-05-13,高島沖,34.845861,131.820278,0.1863,0.0622,0.1964,0.3818,71.5,19.38,34.467
2026-05-14,高島沖,34.845861,131.820278,0.0804,0.0655,0.1037,0.2016,50.8,19.25,34.491
2026-05-15,高島沖,34.845861,131.820278,0.1288,0.0982,0.162,0.3149,52.7,19.31,34.475
2026-05-16,高島沖,34.845861,131.820278,0.1505,0.078,0.1695,0.3295,62.6,20.08,34.437
2026-05-17,高島沖,34.845861,131.820278,0.163,0.0753,0.1795,0.349,65.2,20.47,34.397
2026-05-18,高島沖,34.845861,131.820278,0.1971,0.0991,0.2206,0.4288,63.3,20.5,34.355
2026-05-19,高島沖,34.845861,131.820278,0.1889,0.0773,0.2041,0.3968,67.7,20.88,34.239
